Score	UserID	Lang	Pseudo	#optim,count=12,time=2020-05-22 00:52:34
11246.86	1400179	Python3	reCurse	
12474.870000000004	3457031	C++	YurkovAS	
12491.160000000002	1607522	C++	RoboStac	
17160.519999999997	1306289	Java	Jasperr	
17730.649999999994	862919	C++	Astrobytes	
17793.96000000001	1288527	C++	Snef	
18609.15	1378958	C++	Illedan	
18609.15	811622	C++	Scarfield	
18803.81	481564	VB.NET	mihei	
